Model,Version,Original_Version,Topics,Coherence,Diversity,Runtime,Label,Summary_Label
BERTopic Base,D1,Light,10,0.1198,0.9726,180.9933,"BERTopic Base
D1, K=10",BERTopic Base
BERTopic Base,D1,Light,20,0.1327,0.9311,172.7733,"BERTopic Base
D1, K=20",BERTopic Base
BERTopic Base,D1,Light,30,0.1321,0.8557,179.1733,"BERTopic Base
D1, K=30",BERTopic Base
BERTopic Base,D1,Light,40,0.1318,0.8521,174.8067,"BERTopic Base
D1, K=40",BERTopic Base
BERTopic Base,D1,Light,50,0.1351,0.8303,175.4467,"BERTopic Base
D1, K=50",BERTopic Base
BERTopic Base,D1,Light,60,0.1388,0.8057,173.41,"BERTopic Base
D1, K=60",BERTopic Base
BERTopic Base,D2,BoW,10,0.1471,0.9574,141.3733,"BERTopic Base
D2, K=10",BERTopic Base
BERTopic Base,D2,BoW,20,0.1464,0.9278,138.56,"BERTopic Base
D2, K=20",BERTopic Base
BERTopic Base,D2,BoW,30,0.1738,0.8847,140.2033,"BERTopic Base
D2, K=30",BERTopic Base
BERTopic Base,D2,BoW,40,0.166,0.8565,140.1467,"BERTopic Base
D2, K=40",BERTopic Base
BERTopic Base,D2,BoW,50,0.1627,0.8674,137.5767,"BERTopic Base
D2, K=50",BERTopic Base
BERTopic Base,D2,BoW,60,0.1637,0.8351,138.2067,"BERTopic Base
D2, K=60",BERTopic Base
BERTopic-HDBSCAN,D1,Light,10,0.1121,0.947,227.93,"BERTopic-HDBSCAN
D1, K=10",BERTopic-HDBSCAN
BERTopic-HDBSCAN,D1,Light,20,0.1328,0.9083,205.61,"BERTopic-HDBSCAN
D1, K=20",BERTopic-HDBSCAN
BERTopic-HDBSCAN,D1,Light,30,0.1252,0.8726,194.41,"BERTopic-HDBSCAN
D1, K=30",BERTopic-HDBSCAN
BERTopic-HDBSCAN,D1,Light,40,0.1238,0.8567,223.5333,"BERTopic-HDBSCAN
D1, K=40",BERTopic-HDBSCAN
BERTopic-HDBSCAN,D1,Light,50,0.1371,0.8418,197.39,"BERTopic-HDBSCAN
D1, K=50",BERTopic-HDBSCAN
BERTopic-HDBSCAN,D1,Light,60,0.1271,0.8032,198.5967,"BERTopic-HDBSCAN
D1, K=60",BERTopic-HDBSCAN
BERTopic-HDBSCAN,D2,BoW,10,0.1254,0.9178,180.7367,"BERTopic-HDBSCAN
D2, K=10",BERTopic-HDBSCAN
BERTopic-HDBSCAN,D2,BoW,20,0.1116,0.8828,158.0167,"BERTopic-HDBSCAN
D2, K=20",BERTopic-HDBSCAN
BERTopic-HDBSCAN,D2,BoW,30,0.1117,0.881,160.2333,"BERTopic-HDBSCAN
D2, K=30",BERTopic-HDBSCAN
BERTopic-HDBSCAN,D2,BoW,40,0.1114,0.8771,166.41,"BERTopic-HDBSCAN
D2, K=40",BERTopic-HDBSCAN
BERTopic-HDBSCAN,D2,BoW,50,0.0802,0.8576,159.0833,"BERTopic-HDBSCAN
D2, K=50",BERTopic-HDBSCAN
BERTopic-HDBSCAN,D2,BoW,60,0.0944,0.854,179.5633,"BERTopic-HDBSCAN
D2, K=60",BERTopic-HDBSCAN
BERTopic-Reassign,D1,Light,10,0.119,0.9367,197.1433,"BERTopic-Reassign
D1, K=10",BERTopic-Reassign
BERTopic-Reassign,D1,Light,20,0.1564,0.883,202.8167,"BERTopic-Reassign
D1, K=20",BERTopic-Reassign
BERTopic-Reassign,D1,Light,30,0.1475,0.8403,203.5867,"BERTopic-Reassign
D1, K=30",BERTopic-Reassign
BERTopic-Reassign,D1,Light,40,0.1464,0.8025,201.56,"BERTopic-Reassign
D1, K=40",BERTopic-Reassign
BERTopic-Reassign,D1,Light,50,0.1474,0.783,217.18,"BERTopic-Reassign
D1, K=50",BERTopic-Reassign
BERTopic-Reassign,D1,Light,60,0.1409,0.7504,211.9533,"BERTopic-Reassign
D1, K=60",BERTopic-Reassign
BERTopic-Reassign,D2,BoW,10,0.1459,0.9507,145.6233,"BERTopic-Reassign
D2, K=10",BERTopic-Reassign
BERTopic-Reassign,D2,BoW,20,0.1584,0.9087,154.8033,"BERTopic-Reassign
D2, K=20",BERTopic-Reassign
BERTopic-Reassign,D2,BoW,30,0.1458,0.8483,156.7933,"BERTopic-Reassign
D2, K=30",BERTopic-Reassign
BERTopic-Reassign,D2,BoW,40,0.1453,0.8273,155.9767,"BERTopic-Reassign
D2, K=40",BERTopic-Reassign
BERTopic-Reassign,D2,BoW,50,0.1126,0.821,164.1667,"BERTopic-Reassign
D2, K=50",BERTopic-Reassign
BERTopic-Reassign,D2,BoW,60,0.1677,0.7557,163.65,"BERTopic-Reassign
D2, K=60",BERTopic-Reassign
CTM,D1,Light,10,0.1092,0.9933,1533.5567,"CTM
D1, K=10",CTM
CTM,D1,Light,20,0.1392,0.96,1480.1033,"CTM
D1, K=20",CTM
CTM,D1,Light,30,0.1338,0.9322,1513.76,"CTM
D1, K=30",CTM
CTM,D1,Light,40,0.1259,0.9017,1464.1967,"CTM
D1, K=40",CTM
CTM,D1,Light,50,0.1138,0.892,1528.93,"CTM
D1, K=50",CTM
CTM,D1,Light,60,0.1129,0.8644,1483.74,"CTM
D1, K=60",CTM
CTM,D2,BoW,10,0.1108,0.99,1513.32,"CTM
D2, K=10",CTM
CTM,D2,BoW,20,0.1383,0.97,1497.34,"CTM
D2, K=20",CTM
CTM,D2,BoW,30,0.129,0.9311,1470.0767,"CTM
D2, K=30",CTM
CTM,D2,BoW,40,0.1271,0.9108,1488.3867,"CTM
D2, K=40",CTM
CTM,D2,BoW,50,0.1183,0.8907,1502.7033,"CTM
D2, K=50",CTM
CTM,D2,BoW,60,0.1145,0.8622,1489.5967,"CTM
D2, K=60",CTM
ETM,V2000,V2000,10,0.0804,0.9,430.0633,"ETM
V2000, K=10",ETM
ETM,V2000,V2000,20,0.0829,0.685,432.9167,"ETM
V2000, K=20",ETM
ETM,V2000,V2000,30,0.071,0.5333,438.0833,"ETM
V2000, K=30",ETM
ETM,V2000,V2000,40,0.0691,0.4408,430.5233,"ETM
V2000, K=40",ETM
ETM,V2000,V2000,50,0.0667,0.3673,429.7767,"ETM
V2000, K=50",ETM
ETM,V2000,V2000,60,0.0638,0.3122,424.1467,"ETM
V2000, K=60",ETM
ETM,V6000,V6000,10,0.0632,0.8533,619.9933,"ETM
V6000, K=10",ETM
ETM,V6000,V6000,20,0.0725,0.7217,571.08,"ETM
V6000, K=20",ETM
ETM,V6000,V6000,30,0.0579,0.5456,556.6667,"ETM
V6000, K=30",ETM
ETM,V6000,V6000,40,0.0542,0.4517,544.2833,"ETM
V6000, K=40",ETM
ETM,V6000,V6000,50,0.0609,0.4267,616.2633,"ETM
V6000, K=50",ETM
ETM,V6000,V6000,60,0.0542,0.3589,615.1267,"ETM
V6000, K=60",ETM
LDA,D2,BoW,10,0.0829,0.88,234.1267,"LDA
D2, K=10",LDA
LDA,D2,BoW,20,0.1075,0.9,234.36,"LDA
D2, K=20",LDA
LDA,D2,BoW,30,0.1351,0.8867,242.41,"LDA
D2, K=30",LDA
LDA,D2,BoW,40,0.1173,0.875,447.98,"LDA
D2, K=40",LDA
LDA,D2,BoW,50,0.1273,0.896,299.5467,"LDA
D2, K=50",LDA
LDA,D2,BoW,60,0.1108,0.9133,297.22,"LDA
D2, K=60",LDA
